0.0,0.0,0.0,0.0007524721298295497
0.01161,0.0,0.0,0.001316358157100481
0.02322,0.0,0.0,0.0009312336742480318
0.03483,0.0,0.0,-0.00029315536742256744
0.04644,0.0,0.0,-0.0017932484618634606
0.05805,0.0,0.0,-0.0026652152150411514
0.06966,0.0,0.0,-0.0020506664766439422
0.08127,0.0,0.0,0.00028283629670972966
0.09288,0.0,0.0,0.003473292837921196
0.10449,0.0,0.0,0.005631632773276721
0.1161,0.0,0.0,0.004702884522828338
0.12771,0.0,0.0,-9.372054933442131e-05
0.13932,0.0,0.0,-0.00702821470422063
0.15093,0.0,0.0,-0.011874219212712487
0.16254,0.0,0.0,-0.009816676198882317
0.17415,0.0,0.0,0.0012157471553246142
0.18576,0.0,0.0,0.017592363764117658
0.19737,0.0,0.0,0.029838297156940894
0.20898,0.0,0.0,0.02686247646032413
0.22059,0.0,0.0,0.0035823503191847192
0.2322,0.0,0.0,-0.032109600220579904
0.24381,0.0,0.0,-0.058665856346884204
0.25542,0.0,0.0,-0.050215743429448415
0.26703,0.0,0.0,0.006074258387488897
0.27864,0.0,0.0,0.09371384387751885
0.29025,0.0,0.0,0.16461452975678884
0.30186,0.0,0.0,0.15972809889657497
0.31347,0.0,0.0,0.04863331879320744
0.32508,0.0,0.0,-0.13231380851630967
0.33669,0.0,0.0,-0.27296020172608615
0.3483,0.0,0.0,-0.23465005042085418
0.35991,0.0,0.0,0.05994497526871859
0.37152,0.0,0.0,0.5380842125009764
0.38313,0.0,0.0,0.9574327133529322
0.39474,0.0,0.0,1.0061028023522836
0.40635,0.0,0.0,0.5075023705698211
0.41796,0.0,0.0,-0.37189226838902245
0.42957,0.0,0.0,-1.0678685587125687
0.44118,0.0,0.0,-0.8361128179813422
0.45279,0.0,0.0,0.7849420840007715
0.4644,0.0,0.0,3.4936139061518876
0.47601,0.0,0.0,6.084335960992956
0.48762,0.0,0.0,6.929120766338587
0.49923,0.0,0.0,5.035255202298925
0.51084,0.0,0.0,1.172791288865441
0.52245,0.0,0.0,-1.7451483808639239
0.53406,0.0,0.0,0.30599744929419437
0.54567,0.0,0.0,10.089663149690253
0.55728,0.0,0.0,26.52388257278336
0.56889,0.0,0.0,43.755810797402106
0.5805,0.0,0.0,53.46493175691404
0.59211,0.0,0.0,50.31921870535454
0.60372,0.0,0.0,38.082434247502746
0.61533,0.0,0.0,32.11048799026699
0.62694,0.0,0.0,54.55935497006611
0.63855,0.0,0.0,122.31108132089541
0.65016,355.33263,355.33263,233.1924951670645
0.66177,349.22823,349.22823,299.5869681173682
0.67338,349.22823,349.22823,321.6914701607949
0.68499,355.33263,355.33263,317.42165634186097
0.6966,361.54374,361.54374,307.86870073224014
0.70821,363.63814,363.63814,306.80450625105965
0.71982,365.74467,365.74467,317.4058679534799
0.73143,365.74467,365.74467,334.1407522175537
0.74304,363.63814,363.63814,349.1668621755032
0.75465,361.54374,361.54374,357.40005385810844
0.76626,359.4614,359.4614,357.98572710588303
0.77787,355.33263,355.33263,353.3344705970424
0.78948,351.25129,351.25129,347.2744339825934
0.80109,345.217,345.217,342.6355643020825
0.8127,341.25185,341.25185,340.8613842478409
0.82431,337.33224,337.33224,341.553809885363
0.83592,335.38935,335.38935,343.8682419454566
0.84753,339.28638,339.28638,346.96245307673024
0.85914,343.2287,343.2287,349.6807828160538
0.87075,347.21683,347.21683,351.9276861268835
0.88236,353.28607,353.28607,354.3586701353148
0.89397,359.4614,359.4614,357.3250419220051
0.90558,365.74467,365.74467,360.795082199889
0.91719,372.13778,372.13778,364.19934024408116
0.9288,374.29355,374.29355,366.5911566708622
0.94041,376.46181,376.46181,367.76959667936495
0.95202,374.29355,374.29355,367.45233536730234
0.96363,372.13778,372.13778,366.07816814537955
0.97524,367.86341,367.86341,363.78431944960556
0.98685,361.54374,361.54374,360.85708034386624
0.99846,355.33263,355.33263,357.8348208631154
1.01007,349.22823,349.22823,355.1636129529258
1.02168,345.217,345.217,353.3103517348243
1.03329,343.2287,343.2287,352.49532285291446
1.0449,343.2287,343.2287,352.870986935984
1.05651,347.21683,347.21683,354.6263412038645
1.06812,351.25129,351.25129,357.57008519069274
1.07973,359.4614,359.4614,361.81334901995194
1.09134,367.86341,367.86341,366.6852676227252
1.10295,376.46181,376.46181,371.4186343199423
1.11456,383.04225,383.04225,375.1417143447235
1.12617,385.26119,385.26119,377.3409518574108
1.13778,385.26119,385.26119,378.2198926099971
1.14939,383.04225,383.04225,377.99258424874637
1.161,378.64263,378.64263,376.7661394570433
1.17261,372.13778,372.13778,374.7269603473065
1.18422,365.74467,365.74467,372.48004183636516
1.19583,361.54374,361.54374,370.89394897157894
1.20744,359.4614,359.4614,370.84672085195075
1.21905,363.63814,363.63814,373.2446654999851
1.23066,369.99442,369.99442,378.05230701261826
1.24227,380.83609,380.83609,384.9963938258391
1.25388,394.26624,394.26624,392.93408227092743
1.26549,408.17001,408.17001,400.2147108525841
1.2771,415.3047,415.3047,405.2954196534323
1.288705,420.13135724182445,420.13031,408.23777343873155
1.300315,422.56305275817556,422.5641,409.35036651864266
1.311925,420.13135814384145,420.13031,408.7599833763934
1.323535,415.3016299956971,415.3047,406.82595188955776
1.335145,408.17308000430285,408.17001,403.79279892377735
1.346755,398.8444516523235,398.8474,400.0986197538191
1.358365,391.9983883476764,391.99544,396.64024543271836
1.369975,385.26023520654053,385.26119,393.9707640866558
1.381585,383.04320479345967,383.04225,392.86912658193097
1.393195,383.04416511617904,383.04225,393.45930169356467
1.404805,387.49106488382114,387.49298,395.71591805879893
1.416415,391.9993825387262,391.99544,399.07215814158894
1.428025,401.15395746127365,401.1579,403.3240364699777
1.439635,408.1741187510768,408.17001,407.60011541902134
1.451245,417.71261845524947,417.71053,411.663517897022
1.462855,422.5620115447504,422.5641,414.8109265616456
1.474465,427.47511555077443,427.47405,417.1617329499382
1.486075,429.94932444922546,429.95039,418.41000854542585
1.497685,427.47193728485365,427.47405,418.1943048599491
1.509295,422.5662127151463,422.5641,416.630424416555
1.520905,415.30264742685017,415.3047,413.817183281043
1.532515,410.53657257314967,410.53452,409.9826136552595
1.544125,398.84348016781405,398.8474,404.9787362942314
1.555735,389.7416298321857,389.73771,400.6781910128899
1.567345,387.4939458907057,387.49298,398.8409767194369
1.578955,389.73674410929436,389.73771,399.84205933200263
1.590565,394.2642897286821,394.26624,403.1949521648199
1.602175,403.48583806368333,403.48178,408.2272274271412
1.613785,412.9086619363168,412.91272,413.6990425388399
1.625395,422.567278265921,422.5641,418.71710491844175
1.637005,429.94721173407925,429.95039,422.56271760967394
1.648615,434.94617,434.94617,424.9134379902587
1.660225,434.94617,434.94617,425.5995630332038
1.671835,432.43892273235804,432.44106,424.9430053310475
1.683445,427.476187267642,427.47405,423.15626441849963
1.695055,420.1272043244405,420.13031,420.4768174888989
1.706665,412.9158256755593,412.91272,417.4778830660013
1.718275,405.8171225796725,405.81913,414.8755223675904
1.729885,401.1579,401.1579,413.71582637943845
1.741495,401.1579,401.1579,414.8738959230901
1.753105,405.8242467814109,405.81913,418.4952760899502
1.764715,417.70541321858855,417.71053,424.04637887957506
1.776325,427.478349371773,427.47405,430.1027118497444
1.787935,437.46149062822724,437.46579,436.5271513243859
1.799545,445.1204528872631,445.11255,443.5582947752663
1.811155,463.4709571127364,463.47886,451.33633384909166
1.822765,471.58032,471.58032,456.7903993379539
1.834375,471.58032,471.58032,458.6584392666104
1.845985,468.86190271944906,468.86422,457.5911070679549
1.857595,463.4811772805506,463.47886,454.7787981527767
1.869205,455.51999906546075,455.51657,451.50082846857725
1.880815,450.2811814199656,450.28451,448.8439427523409
1.892425,442.5522185800344,442.54889,446.7082587396283
1.904035,437.4647058261618,437.46579,445.3258425014764
1.915645,434.9472541738382,434.94617,444.62229332329423
1.927255,434.94725417383825,434.94617,444.5534483116
1.938865,437.46470582616183,437.46579,445.33047634488156
1.950475,440.0033094061962,440.0,447.38575294510576
1.962085,447.6877505938039,447.69106,451.48633925720003
1.973695,460.8128759251292,460.80941,457.1122839899416
1.985305,468.860754074871,468.86422,462.3240489748539
1.996915,474.3145314457832,474.31216,466.26605254010366
2.008525,479.821028554217,479.8234,468.6626572290334
2.020135,479.8222098277348,479.8234,468.9868826005271
2.031745,477.0574622117041,477.05982,467.4481006565791
2.043355,471.582677788296,471.58032,464.3516513460015
2.054965,463.4823490008612,463.47886,460.1435130892822
2.066575,455.5131998406548,455.51657,455.57884341046633
2.078185,447.68775059380414,447.69106,451.3476517675452
2.089795,440.0033094061962,440.0,448.21629270607804
2.101405,437.46688139104214,437.46579,446.9917654769753
2.113015,437.4668813910422,437.46579,447.3921811578943
2.124625,440.0010967685026,440.0,448.74938244282487
2.136235,442.54779323149745,442.54889,450.36647611507124
2.147845,445.1147773729543,445.11255,452.25413648023135
2.159455,450.28789676419956,450.28451,454.95401975665953
2.171065,458.1519632358004,458.15535,458.578408398937
2.182675,463.47656736003455,463.47886,462.56801758658156
2.194285,471.5826798191215,471.58032,466.77204674686544
2.205895,477.0610091480207,477.05982,470.3745348611838
2.217505,479.8222108519794,479.8234,473.0623535895454
2.229115,485.3962789319553,485.39868,474.94392765542034
2.240725,485.3974759991388,485.39868,475.2763519837108
2.252335,482.6006048149743,482.60299,474.25266615694466
2.263945,477.06220518502573,477.05982,472.3548035238521
2.275555,471.58267981912127,471.58032,470.08600187779246
2.287165,466.1603140404475,466.16376,467.3333957634327
2.298775,458.1587959595522,458.15535,463.7676378746281
2.310385,450.287899681309,450.28451,459.99497634209536
2.321995,445.11255,445.11255,457.27714663610624
2.333605,445.11477545611024,445.11255,456.86731172314757
2.345215,450.28228454389,450.28451,459.2445872756984
2.356825,458.1519603186907,458.15535,464.0031398824172
2.368435,468.8689397157623,468.86422,470.3564517961665
2.380045,479.8282258777965,479.8234,477.04839408047104
2.391655,491.0339141222032,491.03874,482.7804221040651
2.403265,496.7418828079244,496.74434,486.1786526223101
2.414875,499.62071178571443,499.62195,486.9845751547678
2.426485,496.74557821428573,496.74434,485.3908192986408
2.438095,491.0411971920755,491.03874,482.4236941018399
2.449705,485.39508875969,485.39868,479.07826672343367
2.461315,477.056293493976,477.05982,475.6573471898047
2.472925,468.8677465060241,468.86422,472.5773774439599
2.484535,463.4811792764856,463.47886,470.0662104915493
2.496145,458.15421357450475,458.15535,467.9259887809454
2.507755,455.51657,455.51657,466.4474944786883
2.519365,455.51657,455.51657,466.0353658084306
2.530975,458.15421357450475,458.15535,467.1646585669116
2.542585,463.4835255038754,463.47886,470.1761464895369
2.554195,474.31572748278813,474.31216,474.96590931761284
2.565805,482.5994225172119,482.60299,480.26184644141784
2.577415,491.04243647286785,491.03874,485.3272727387906
2.589025,499.62319538726337,499.62195,489.32259137778783
2.600635,502.51498461273667,502.51623,491.2050708590042
2.612245,502.51623,502.51623,490.92859242872515
2.623855,499.6182535271321,499.62195,488.7535909940571
2.635465,491.03511015920867,491.03874,485.12302844842566
2.647075,482.60661984079184,482.60299,481.14493456953113
2.658685,477.06220723944875,477.05982,477.3104074192453
2.670295,466.16031107235153,466.16376,473.24405302522854
2.681905,458.15421455249566,458.15535,469.9375449210743
2.693515,455.5177054475041,455.51657,468.1887337974915
2.705125,455.51770642549513,455.51657,468.0753701579151
2.716735,458.15879595955244,458.15535,469.6859198199542
2.728345,466.1603140404477,466.16376,473.1883388119527
2.739955,474.3086507838075,474.31216,478.1389089837002
2.751565,485.4035661584835,485.39868,484.3049730044707
2.763175,496.7480762048192,496.74434,490.7267493262137
2.774785,505.4235437951809,505.42728,496.05521206322453
2.786395,511.2975308096469,511.30006,499.1955355541501
2.798005,511.2975308096468,511.30006,499.483104952443
2.809615,505.4247820094665,505.42728,497.39228671748856
2.821225,499.62444799053355,499.62195,494.3228716897214
2.832835,491.0424364728683,491.03874,491.0615717791385
2.844445,482.6006048149741,482.60299,488.35572103285324
2.856055,477.0622051850255,477.05982,486.57676647660327
2.867665,471.58267981912127,471.58032,485.62481843911894
2.879275,471.58149650301453,471.58032,486.02068534015024
2.890885,474.31572748278813,474.31216,488.0567114866185
2.902495,482.5994225172117,482.60299,492.3472763961766
2.914105,491.03510703273014,491.03874,498.9740538036919
2.925715,508.3616051335057,508.35519,508.07573277841897
2.937325,523.2563926592084,523.25113,517.6262164580688
2.948935,535.4762873407922,535.48155,525.8478033179513
2.960545,544.837568970715,544.8416,531.4928332181922
2.972155,547.99783,547.99783,533.9292656769348
2.983765,547.99783,547.99783,533.7149609451058
2.995375,541.7062507192072,541.70354,531.7101381467062
3.006985,535.4789011929372,535.48155,529.3996138387246
3.018595,529.3284038683307,529.33102,527.3554823004675
3.030205,523.2537461316697,523.25113,525.4401313605363
3.041815,517.2436683074934,517.24108,523.4308814626817
3.053425,511.30006,511.30006,521.6211875928307
3.065035,511.30006,511.30006,521.0030074350931
3.076645,511.30006,511.30006,521.8990845536446
3.088255,517.2385214211888,517.24108,524.9487122402862
3.099865,526.2862517829458,526.28229,529.6503283062709
3.111475,535.4855775602409,535.48155,534.9479590405949
3.123085,544.8375724397592,544.8416,540.0026250472534
3.134695,551.1751081050818,551.17235,544.1805514926823
3.146305,557.5780598493975,557.57667,547.4224580008308
3.157915,560.8052901506024,560.80668,549.2244794509455
3.169525,560.80668,560.80668,549.1703259387781
3.181135,554.3625177820845,554.36526,547.0781060316767
3.192745,547.9937791092943,547.99783,543.7712405022112
3.204355,538.587610890705,538.58356,539.7407248012499
3.215965,529.3350047286817,529.33102,535.8763708986851
3.227575,523.2485416925067,523.25113,532.957765748619
3.239185,517.24108,517.24108,531.2722402837038
3.250795,517.24108,517.24108,531.5388202611058
3.262405,520.2361395822567,520.23743,533.8344640314888
3.274015,529.3363438037863,529.33102,538.2653570779702
3.285625,541.6982161962137,541.70354,544.3028223667939
3.297235,554.3598070628773,554.36526,551.2668979236071
3.308845,564.0610779371232,564.0554,558.6479181052373
3.320455,577.2439116394148,577.23957,566.1124923636193
3.332065,587.3251983605855,587.32954,571.6217617208572
3.343675,590.7304347286822,590.7319,573.0710162787062
3.355285,580.5791845305775,580.58348,569.8398212292386
3.366895,570.6051819621343,570.6094,564.4228630363245
3.378505,560.8108980378652,560.80668,558.9480101469044
3.390115,548.0033463006025,547.99783,554.6481608567123
3.401725,538.580898141136,538.58356,552.5649042256418
3.413335,532.4000618588639,532.3974,552.58650233563
3.424945,532.3974,532.3974,554.159865697754
3.436555,538.587614379845,538.58356,556.6025649904952
3.448165,548.0019517039586,547.99783,559.938087124699
3.459775,557.5725482960415,557.57667,565.6665456476358
3.471385,573.9078737209311,573.91491,576.2506478173564
3.482995,604.5503527217907,604.53961,591.708584705566
3.494605,629.4889445912222,629.48421,606.9942912226967
3.506215,640.4826654087783,640.4874,616.996118560614
3.517825,644.1961121059433,644.19771,619.5443882073184
3.529435,636.7906527605519,636.79846,614.4777253046998
3.541045,618.6624715404478,618.67005,604.2280309211782
3.552655,601.065288459552,601.05771,593.0652301301352
3.564265,577.2352992721794,577.23957,583.9851622357187
3.575875,567.3201361015492,567.32294,579.6738687260962
3.587485,560.8094838984509,560.80668,578.6985101609195
3.599095,557.5780610465115,557.57667,579.1060087298846
3.610705,557.5794601507321,557.57667,580.0445329538442
3.622315,564.0596424741825,564.0554,582.3008366563638
3.633925,573.9106675258176,573.91491,587.0318559565092
3.645535,590.7246575409135,590.7319,595.2257123948256
3.657145,615.1129618346254,615.10677,605.9160624021664
3.668755,629.4889445912218,629.48421,615.9178163422328
3.680365,640.4826654087783,640.4874,623.8839431342142
3.691975,647.9311264556417,647.92951,628.8613175827932
3.703585,651.6796991695355,651.68292,629.9262701065448
3.715195,644.2009308304646,644.19771,626.2699109537944
3.726805,629.4905465633074,629.48421,619.1107502030611
3.738415,615.0992287037043,615.10677,610.8600147238293
3.750025,597.590006888985,597.59588,603.2915315604008
3.761635,583.9526431110153,583.94677,598.1681378866258
3.773245,577.2424585443582,577.23957,595.9363285258565
3.784855,577.23957,577.23957,595.6801641301251
3.796465,577.2410088597246,577.23957,596.2631695426217
3.808075,580.5820411402754,580.58348,598.4823503439136
3.819685,590.7275294487513,590.7319,603.9652108421537
3.831295,611.5733080103355,611.56402,613.2069403781088
3.8429,633.13078,633.13078,623.9562903673097
3.85451,647.92951,647.92951,633.4694954680426
3.86612,659.25511,659.25511,640.4238339665924
3.87773,663.07414,663.07414,643.9990682977302
3.88934,663.07414,663.07414,644.142425323854
3.90095,655.45808,655.45808,640.5025161008009
3.91256,640.4874,640.4874,633.4855849497942
3.92417,622.25397,622.25397,624.7337457210438
3.93578,604.53961,604.53961,616.5910068670034
3.94739,590.7319,590.7319,611.3642865216763
3.959,587.32954,587.32954,610.5702069574008
3.97061,587.32954,587.32954,613.7966542425864
3.98222,597.59588,597.59588,620.6366962324488
3.99383,611.56402,611.56402,629.7041527360732
4.00544,629.48421,629.48421,640.2001591041865
4.01705,651.68292,651.68292,651.6684909620294
4.02866,674.66447,674.66447,663.3793885917075
4.04027,690.43401,690.43401,674.4800258068757
4.05188,706.57214,706.57214,684.9208286934246
4.06349,718.9228,718.9228,693.1278409168026
4.0751,723.08748,723.08748,696.8230804109517
4.08671,714.78211,714.78211,694.705490266836
4.09832,702.50258,702.50258,688.0128686905966
4.10993,682.5037,682.5037,678.844446232947
4.12154,663.07414,663.07414,670.5567547034041
4.13315,651.68292,651.68292,665.5063146444264
4.14476,644.19771,644.19771,663.5235765032614
4.15637,640.4874,640.4874,663.7602565987237
4.16798,640.4874,640.4874,665.9055095250753
4.17959,651.68292,651.68292,670.6633001763635
4.1912,666.91529,666.91529,677.9633952349435
4.20281,686.4574,686.4574,687.9200380157448
4.21442,706.57214,706.57214,700.0287152479907
4.22603,731.48935,731.48935,713.0374499648772
4.23764,748.5871,748.5871,723.6104068090211
4.24925,757.28527,757.28527,729.1919457360611
4.26086,752.92362,752.92362,728.5521686872881
4.27247,739.98885,739.98885,722.7574660244669
4.28408,727.27628,727.27628,713.8527123076635
4.29569,702.50258,702.50258,702.9614348012667
4.3073,682.5037,682.5037,693.1871887309707
4.31891,666.91529,666.91529,686.3734253137931
4.33052,659.25511,659.25511,683.478997655469
4.34213,659.25511,659.25511,684.4420938681951
4.35374,666.91529,666.91529,688.7999520351483
4.36535,682.5037,682.5037,695.9488969531347
4.37696,698.45646,698.45646,704.9491727648375
4.38857,723.08748,723.08748,715.4954265298546
4.40018,739.98885,739.98885,725.4549288155321
4.41179,752.92362,752.92362,733.7295245005186
4.4234,766.0845,766.0845,738.9979634961296
4.43501,761.67217,761.67217,738.8212729525029
4.44662,752.92362,752.92362,733.8046611416278
4.45823,735.72682,735.72682,725.0638425853421
4.46984,718.9228,718.9228,714.9892532021854
4.48145,694.43365,694.43365,705.4218341570947
4.49306,682.5037,682.5037,699.2576712047595
4.50467,674.66447,674.66447,696.3325534143439
4.51628,670.77869,670.77869,695.9439496519191
4.52789,674.66447,674.66447,697.9030937578239
4.5395,682.5037,682.5037,702.1877710582335
4.55111,698.45646,698.45646,709.4721900131601
4.56272,718.9228,718.9228,719.5019335585586
4.57433,739.98885,739.98885,731.0695997607721
4.58594,757.28527,757.28527,742.3302101210647
4.59755,774.98597,774.98597,751.3795980771442
4.60916,779.47542,779.47542,755.4357501228844
4.62077,779.47542,779.47542,754.0279805779846
4.63238,766.0845,766.0845,747.4443301425997
4.64399,748.5871,748.5871,738.4209914667483
4.6556,731.48935,731.48935,729.661032264254
4.66721,718.9228,718.9228,722.4971580089257
4.67882,702.50258,702.50258,716.5427574150312
4.69043,690.43401,690.43401,712.418070840804
4.70204,686.4574,686.4574,710.6407352761094
4.71365,686.4574,686.4574,711.0874385894724
4.72526,694.43365,694.43365,714.0504993447754
4.73687,706.57214,706.57214,719.4571502650965
4.74848,723.08748,723.08748,727.44995464698
4.76009,744.27556,744.27556,737.7979381833123
4.7717,761.67217,761.67217,749.1175245956531
4.78331,783.99087,783.99087,759.9482767933749
4.79492,793.10041,793.10041,766.6964724600543
4.80653,793.10041,793.10041,767.716469356625
4.81814,783.99087,783.99087,762.7577886344475
4.82975,770.52238,770.52238,752.9733223153236
4.84136,744.27556,744.27556,740.0759038327004
4.85297,723.08748,723.08748,728.0827059510975
4.86458,702.50258,702.50258,719.3032487497661
4.87619,694.43365,694.43365,715.1443676238389
4.8878,686.4574,686.4574,714.2459428357994
4.89941,690.43401,690.43401,716.0688738754086
4.91102,694.43365,694.43365,719.2933108599682
4.92263,706.57214,706.57214,724.5384785629724
4.93424,723.08748,723.08748,732.1992253194867
4.94585,744.27556,744.27556,742.3360649429195
4.95746,766.0845,766.0845,753.879839265769
4.96907,783.99087,783.99087,765.0435657398119
4.98068,797.69479,797.69479,774.0299375211505
4.99229,802.31579,802.31579,778.9461102957586
5.0039,802.31579,802.31579,778.8116732250672
5.01551,788.53249,788.53249,772.9368145201921
5.02712,770.52238,770.52238,763.2414459635232
5.03873,748.5871,748.5871,752.4012648458287
5.05034,727.27628,727.27628,743.6169137336043
5.06195,714.78211,714.78211,739.4384300768024
5.07356,710.66527,710.66527,740.1283178246413
5.08517,714.78211,714.78211,744.521191899526
5.09678,723.08748,723.08748,751.2320289442315
5.10839,739.98885,739.98885,760.2252194837146
5.12,761.67217,761.67217,771.7055997870402
5.13161,793.10041,793.10041,785.9850754125888
5.14322,816.34002,816.34002,801.4502619918926
5.15483,840.26061,840.26061,817.3426746004577
5.16644,864.88213,864.88213,831.005799794854
5.17805,869.89234,869.89234,837.8701630246547
5.18966,864.88213,864.88213,836.6308315699986
5.20127,850.02397,850.02397,827.9738334584567
5.21288,821.06903,821.06903,814.7119240675438
5.22449,797.69479,797.69479,802.2648270341566
5.2361,779.47542,779.47542,793.825318047263
5.24771,766.0845,766.0845,790.409106318198
5.25932,766.0845,766.0845,791.7811150905648
5.27093,770.52238,770.52238,795.8962995363811
5.28254,779.47542,779.47542,801.8297744049938
5.29415,797.69479,797.69479,809.8854301162642
5.30576,816.34002,816.34002,819.7656084772791
5.31737,840.26061,840.26061,831.2834520119707
5.32898,859.90077,859.90077,842.5015041820313
5.34059,880.0,880.0,851.4240533944077
5.3522,880.0,880.0,855.3354288249361
5.36381,880.0,880.0,855.2067653372483
5.37542,880.0,880.0,851.0949388377755
5.38703,859.90077,859.90077,842.1910099497827
5.39864,840.26061,840.26061,831.4490905193588
5.41025,821.06903,821.06903,821.0574353450733
5.42186,802.31579,802.31579,812.0758004264019
5.43347,788.53249,788.53249,804.7739158814948
5.44508,774.98597,774.98597,798.5580047050589
5.45669,766.0845,766.0845,793.9089231868344
5.4683,761.67217,761.67217,791.9186168516183
5.47991,770.52238,770.52238,794.0850099898767
5.49152,783.99087,783.99087,800.1114533872407
5.50313,802.31579,802.31579,809.5538058064985
5.51474,825.82544,825.82544,821.5383781473417
5.52635,850.02397,850.02397,834.1910387948255
5.53796,869.89234,869.89234,845.1123807961196
5.54957,880.0,880.0,852.0903530674456
5.56118,880.0,880.0,853.8986542773836
5.57279,880.0,880.0,850.0843109629099
5.5844,854.94811,854.94811,839.3020511302698
5.59601,835.42107,835.42107,825.2482194445071
5.60762,811.63825,811.63825,810.4761291694923
5.61923,793.10041,793.10041,798.3153206827334
5.63084,783.99087,783.99087,790.8269979991103
5.64245,779.47542,779.47542,787.8464326006706
5.65406,783.99087,783.99087,788.0896223038806
5.66567,783.99087,783.99087,788.4802305331573
5.67728,788.53249,788.53249,787.1811779743952
5.68889,783.99087,783.99087,781.8904687440335
5.7005,774.98597,774.98597,772.8432120693465
5.71211,761.67217,761.67217,761.7813741511933
5.72372,744.27556,744.27556,751.4360643855931
5.73533,735.72682,735.72682,744.7597491370184
5.74694,735.72682,735.72682,741.8071209390831
5.75855,731.48935,731.48935,740.4580481008431
5.77016,731.48935,731.48935,740.1984502386902
5.78177,735.72682,735.72682,740.6647815132673
5.79338,739.98885,739.98885,741.2341153627837
5.80499,744.27556,744.27556,741.4370705930702
5.8166,748.5871,748.5871,740.6365447201197
5.82821,744.27556,744.27556,738.0198524244291
5.83982,739.98885,739.98885,734.4296160635778
5.85143,735.72682,735.72682,730.3344697752656
5.86304,727.27628,727.27628,725.7113126019017
5.87465,718.9228,718.9228,721.0904038845764
5.88626,710.66527,710.66527,716.8063677285081
5.89787,702.50258,702.50258,713.1167567591528
5.90948,698.45646,698.45646,710.3706507440953
5.92109,694.43365,694.43365,708.4349271187733
5.9327,694.43365,694.43365,707.8430524460514
5.94431,698.45646,698.45646,709.072046221946
5.95592,706.57214,706.57214,712.4210796860752
5.96753,718.9228,718.9228,717.7624441651737
5.97914,731.48935,731.48935,724.2286886759297
5.99075,744.27556,744.27556,730.7361715378112
6.00236,752.92362,752.92362,735.6656764067105
6.01397,757.28527,757.28527,737.5498840514944
6.02558,752.92362,752.92362,735.1170504023801
6.03719,739.98885,739.98885,728.3965402531186
6.0488,727.27628,727.27628,718.8013441085842
6.06041,702.50258,702.50258,707.4612672211516
6.07202,686.4574,686.4574,697.8451383954214
6.08363,670.77869,670.77869,691.3083141766799
6.09524,666.91529,666.91529,688.9002554727632
6.10685,666.91529,666.91529,689.5893623751303
6.11846,674.66447,674.66447,692.7200089066553
6.13007,686.4574,686.4574,697.7192001467995
6.14168,702.50258,702.50258,704.6457604980554
6.15329,723.08748,723.08748,713.2899726247631
6.1649,739.98885,739.98885,722.1173956405714
6.17651,752.92362,752.92362,729.3102442931681
6.18812,757.28527,757.28527,732.5643263983739
6.19973,752.92362,752.92362,730.1951184498423
6.21134,735.72682,735.72682,721.675655641098
6.22295,714.78211,714.78211,708.955078305661
6.23456,690.43401,690.43401,694.7678197605401
6.24617,666.91529,666.91529,682.582186505444
6.25778,655.45808,655.45808,675.5674497840959
6.26939,651.68292,651.68292,674.1958969040274
6.281,659.25511,659.25511,677.5688458723313
6.29261,670.77869,670.77869,683.375660852573
6.30422,686.4574,686.4574,689.9118957415884
6.31583,698.45646,698.45646,695.8977382051113
6.32744,714.78211,714.78211,701.2250039353886
6.33905,723.08748,723.08748,704.3179734816682
6.35066,723.08748,723.08748,704.2836847883732
6.36227,718.9228,718.9228,700.9602230156755
6.37388,706.57214,706.57214,694.2101694322404
6.38549,690.43401,690.43401,685.1175794575661
6.3971,670.77869,670.77869,675.3633226550598
6.40871,655.45808,655.45808,667.1721048448576
6.42032,644.19771,644.19771,661.632811354445
6.43193,636.79846,636.79846,659.001517001096
6.44354,636.79846,636.79846,659.2346295829061
6.45515,640.4874,640.4874,661.7285482993415
6.46676,647.92951,647.92951,666.3705341578087
6.47837,663.07414,663.07414,673.3643845318952
6.48998,682.5037,682.5037,681.9738230842776
6.50159,698.45646,698.45646,690.9767187041156
6.5132,714.78211,714.78211,699.9895259324732
6.52481,731.48935,731.48935,708.043742115695
6.536415,739.98885,739.98885,713.1221960571771
6.548025,739.9851927280552,739.98885,713.9555141222968
6.559635,731.4930072719444,731.48935,710.1767364887012
6.571245,718.9282119509044,718.9228,702.3069323819268
6.582855,698.4652740999154,698.45646,691.0123711156806
6.594465,674.6545726916447,674.66447,678.2984046068722
6.606075,651.6765098105061,651.68292,666.7951343325685
6.617685,636.7953100215336,636.79846,658.8358572451584
6.629295,629.4857790920828,629.48421,655.027436003299
6.640905,633.1292109079177,633.13078,654.9181938028514
6.652515,636.7968804651159,636.79846,657.1880582142919
6.664125,651.6765098105079,651.68292,662.3359583170419
6.675735,674.6545726916447,674.66447,669.8372800224956
6.687345,694.4406403617559,694.43365,677.9931342227851
6.698955,710.6706197889753,710.66527,685.574525161493
6.710565,723.08748,723.08748,690.957363018645
6.722175,723.08748,723.08748,691.4503550034564
6.733785,710.6706197889753,710.66527,685.1027165018266
6.745395,686.4678254392766,686.4574,671.3170728507295
6.757005,659.2668250258375,659.25511,651.5877985132789
6.768615,618.6536475150751,618.67005,628.6835423912877
6.780225,580.580608092162,580.58348,609.175777796469
6.791835,573.9134864384152,573.91491,599.1010856517477
6.803445,570.6136917728054,570.6094,597.1637435786197
6.815055,580.5791882271951,580.58348,601.4594537558129
6.826665,590.7275294487517,590.7319,608.6776627943651
6.838275,611.5550483720945,611.56402,617.0009923238753
6.849885,629.48894866925,629.48421,623.3534315843688
6.861495,640.4874,640.4874,625.6987104130869
6.873105,640.4842317743323,640.4874,623.5788190181124
6.884715,633.1276508562823,633.13078,618.4218741329692
6.896325,625.8617791437173,625.85865,612.0498926497761
6.907935,611.5701761714026,611.56402,604.8595325535682
6.919545,597.6018955641684,597.59588,597.7490180058023
6.931155,583.9526481696812,583.94677,591.2456861733496
6.942765,570.6065774332469,570.6094,585.9886570020576
6.954375,564.0554,564.0554,582.9133771040407
6.965985,564.0554,564.0554,581.9111018180222
6.977595,564.0582201376928,564.0554,582.1869190714078
6.989205,570.6065798623063,570.6094,584.0574842561193
7.000815,577.2367146296297,577.23957,587.6475614048762
7.012425,590.7260893496987,590.7319,593.7877318472231
7.024035,608.0477907149007,608.04167,601.9090881250143
7.035645,622.2586542420322,622.25397,610.2463276069211
7.047255,633.1339482256676,633.13078,617.2164143562641
7.058865,640.4874,640.4874,621.3845761266508
7.070475,640.4874,640.4874,621.4452055734293
7.082085,633.1339482256672,633.13078,617.1543234486962
7.093695,618.6762777045642,618.67005,609.4888829279824
7.105305,604.5456954608107,604.53961,600.5567957461034
7.116915,583.9424496468573,583.94677,591.9772114832724
7.128525,573.910663871663,573.91491,586.2047467855434
7.140135,564.0554,564.0554,583.0934490353106
7.151745,564.0554,564.0554,582.601193713368
7.163355,567.3215327906976,567.32294,583.6173563362851
7.174965,573.9120710809648,573.91491,585.969359449313
7.186575,583.9424496468555,583.94677,590.3710692481151
7.198185,601.066838449613,601.05771,597.4582448447442
7.209795,622.2586542420322,622.25397,605.9294837413108
7.221405,633.1339482256667,633.13078,612.7998834820733
7.233015,640.4858126764198,640.4874,616.5309505163732
7.244625,636.8000473235797,636.79846,615.5929764701464
7.256235,629.4873599784669,629.48421,609.8659016743434
7.267845,611.5717375667537,611.56402,599.2315717203606
7.279455,587.3209238931959,587.32954,585.470000233783
7.291065,567.3132581136942,567.32294,571.6760595261958
7.302675,544.8375689707145,544.8416,560.1297582833042
7.314285,535.480222913081,535.48155,553.623693669244
7.325895,532.398727086919,532.3974,552.1255934375887
7.337505,538.5808958484067,538.58356,554.4208468007868
7.349115,547.9937756201552,547.99783,558.0884386242202
7.360725,557.572544745909,557.57667,561.2814326766188
7.372335,564.0596461283376,564.0554,563.388221015161
7.383945,573.9163418087855,573.91491,564.9633863055219
7.395555,577.23957,577.23957,565.4455211974197
7.407165,577.2381394234076,577.23957,564.7214079295915
7.418775,573.9163405765917,573.91491,562.3875797015426
7.430385,564.0596461283367,564.0554,557.9836998980197
7.441995,554.3694331869083,554.36526,552.0541444638479
7.453605,541.6982116106801,541.70354,545.0878256013285
7.465215,529.3271037252362,529.33102,538.4100905040499
7.476825,520.2361395822566,520.23743,533.5344152060248
7.488435,517.24108,517.24108,531.3891464469169
7.500045,517.24108,517.24108,531.7658027834141
7.511655,523.248541692506,523.25113,534.2377831573897
7.523265,529.3284016149873,529.33102,537.8458631764605
7.534875,538.5795752713184,538.58356,542.3953908160869
7.546485,551.1764991515929,551.17235,547.4941250781499
7.558095,560.8094863135234,560.80668,552.1280171815456
7.569705,567.3257764759028,567.32294,555.7402375083552
7.581315,573.9120735240958,573.91491,557.9857581007782
7.592925,573.91491,573.91491,557.8763904261932
7.604535,567.3257789190357,567.32294,555.240022058229
7.616145,557.580867360035,557.57667,550.7344997836592
7.627755,551.165592549527,551.17235,544.9988858856117
7.639365,535.4749849181753,535.48155,537.603437001228
7.650975,520.2335810034456,520.23743,530.2535877904805
7.662585,511.29753298623064,511.30006,524.8440374908612
7.674195,505.4298070137693,505.42728,522.0182561064507
7.685805,508.3539290568474,508.35519,521.9562605816633
7.697415,511.2987917527994,511.30006,523.6435394311408
7.709025,520.2426668518519,520.23743,527.0815230085354
7.720635,532.4041185314381,532.3974,531.9296065197632
7.732245,548.0033463006021,547.99783,537.5567788279543
7.743855,560.8094838984512,560.80668,542.5186740004652
7.755465,567.3201361015495,567.32294,545.5104530665812
7.767075,567.32294,567.32294,545.7083852562686
7.778685,560.809486313522,560.80668,542.3721257682109
7.790295,548.0033463006021,547.99783,534.7536171922085
7.801905,532.384531279069,532.3974,522.6212614455552
7.813515,502.5052668604658,502.51623,506.662334884903
7.825125,477.0539762134267,477.05982,491.5182686792869
7.836735,463.48470378657476,463.47886,481.29781275194273
7.848345,458.1576426399656,458.15535,477.1958494251964
7.859955,460.80826699397085,460.80941,478.3175208059707
7.871565,468.8607510895772,468.86422,482.4106632584818
7.883175,479.82701204565,479.8234,487.04840686976
7.894785,488.2142451808786,488.21057,490.4117317029469
7.906395,496.74682574074086,496.74434,492.1120986209655
7.918005,502.5149846127367,502.51623,491.9446392163674
7.929615,499.6231953872632,499.62195,489.9582884227464
7.941225,496.74557928079275,496.74434,487.317667435921
7.952835,491.0411971920753,491.03874,484.2206290772121
7.964445,485.40110896640863,485.39868,480.6048752476136
7.976055,474.308650783807,474.31216,476.1074482241758
7.987665,466.16031107235176,466.16376,471.6698640719428
7.999275,458.15421455249566,458.15535,467.8707970160226
8.010885,455.5177054475041,455.51657,465.4033906570681
8.022495,452.89298,452.89298,464.06661328993385
8.034105,452.89298,452.89298,464.09826391875436
8.045715,458.1576406669533,458.15535,465.7260598068591
8.057325,463.4765693330464,463.47886,468.5639508080694
8.068935,471.58386693631655,471.58032,472.5831353396014
8.080545,479.8198530636837,479.8234,477.2856767214683
8.092155,488.2142451808786,488.21057,481.93710416407913
8.103765,496.7455782142856,496.74434,485.4169348599829
8.115375,499.6207117857141,499.62195,486.3745579366312
8.126985,496.74188492254734,496.74434,484.71600542140953
8.138595,491.0411950774528,491.03874,481.5196867507605
8.150205,485.3950918502587,485.39868,477.8891469036083
8.161815,477.0634081497419,477.05982,473.97693056520325
8.173425,468.85960808354866,468.86422,469.71920891121584
8.185035,458.15084729345926,458.15535,464.81045558313457
8.196645,447.69556270653993,447.69106,459.84283604699493
8.208255,442.5477932314973,442.54889,455.98466338791707
8.219865,440.0010967685023,440.0,453.9170052216314
8.231475,442.55110263769393,442.54889,454.3800969722228
8.243085,447.68884736230666,447.69106,457.5667598071698
8.254695,460.8152251378124,460.80941,463.37756149450775
8.266305,474.3169304475041,474.31216,470.1010525076898
8.277915,485.39390955249564,485.39868,476.0472287573784
8.289525,493.88453108433714,493.8833,480.14751596609017
8.301135,496.74310891566256,496.74434,481.7046221667343
8.312745,493.8796491308094,493.8833,480.6117289639361
8.324355,485.40233086919125,485.39868,477.0634718377322
8.335965,477.0539762134249,477.05982,471.50478947828066
8.347575,463.48470378657476,463.47886,463.93391033465815
8.359185,447.69785922480514,447.69106,455.834631077724
8.370795,437.4647058261619,437.46579,449.872891075256
8.382405,434.94725417383825,434.94617,447.89727564624405
8.394015,440.0033094061964,440.0,450.0633633934965
8.405625,447.6877505938037,447.69106,454.88099931581235
8.417235,458.15995794750415,458.15535,460.5509947500745
8.428845,468.8596120524953,468.86422,465.18153659659646
8.440455,474.3098137726097,474.31216,467.39389922981115
8.452065,477.05982,477.05982,467.286481008493
8.463675,477.05982,477.05982,465.413406276775
8.475285,471.5779892943201,471.58032,462.33314191183905
8.486895,466.16609070567984,466.16376,458.9390675680904
8.498505,458.1519632358004,458.15535,455.3072028354651
8.510115,450.2878967641991,450.28451,451.52965395109334
8.521725,442.54561578811445,442.54889,447.58439998381147
8.533335,434.9440203528402,434.94617,443.72131219015546
8.544945,429.95253964715994,429.95039,440.658570568248
8.556555,427.4751155507745,427.47405,439.0292512939793
8.568165,429.9493244492255,429.95039,439.2710256573256
8.579775,432.44431255593827,432.44106,441.09307156466724
8.591385,439.99674744406184,440.0,444.50445449905743
8.602995,447.69443015934485,447.69106,448.70587265842266
8.614605,455.5199961144572,455.51657,453.0436060671372
8.626215,463.47543388554186,463.47886,456.8967180645991
8.637825,468.8653887177279,468.86422,459.51960134346615
8.649435,471.5791512822718,471.58032,460.51799537500443
8.661045,471.5779892943201,471.58032,459.8010288563554
8.672655,466.16609070567984,466.16376,457.51982693934895
8.684265,460.8060006847545,460.80941,454.48455630018185
8.695875,452.8896321385537,452.89298,450.88380187147123
8.707485,445.11589786144486,445.11255,446.92366619870245
8.719095,437.4614906282277,437.46579,442.63471727882035
8.730705,427.4783493717732,427.47405,438.3409684066508
8.742315,422.5641,422.5641,435.40578089198965
8.753925,422.5641,422.5641,434.5626628732173
8.765535,427.4772651979347,427.47405,435.8622356720946
8.777145,434.9429548020653,434.94617,438.8310452725571
8.788755,445.1081717140405,445.11255,443.07006015710647
8.800365,455.5211514070561,455.51657,448.0180808844209
8.811975,466.15917859294314,466.16376,452.9334009557553
8.823585,474.3109845094664,474.31216,456.35004753405354
8.835195,471.5814954905336,471.58032,456.465692337491
8.846805,463.47543388554277,463.47886,452.9477839053743
8.858415,455.5199961144581,455.51657,445.85745508653474
8.870025,442.5544747028416,442.54889,435.0096019485316
8.881635,415.2986127366621,415.3047,422.04512391816905
8.893245,401.16398726333864,401.1579,412.4110624019105
8.904855,396.55118846815844,396.5502,408.4555325175266
8.916465,398.8464115318418,398.8474,409.42104857810847
8.928075,403.48481474182427,403.48178,412.5998126183745
8.939685,410.53148525817505,410.53452,415.37474820550676
8.951295,412.9116957967269,412.91272,415.9722214751498
8.962905,415.3057352108435,415.3047,414.881417907056
8.974515,417.7094947891569,417.71053,413.0573214441714
8.986125,415.3047,415.3047,411.0424342094925
8.997735,415.3047,415.3047,409.51844669573677
9.009345,410.532491002582,410.53452,407.8392113016501
9.020955,405.8211589974185,405.81913,405.9229409548243
9.032565,401.15591563307544,401.1579,403.65592147351475
9.044175,396.5482401204822,396.5502,401.1237144677787
9.055785,391.99739987951807,391.99544,398.74311390964203
9.067395,389.73771,389.73771,397.22062440237863
9.079005,389.73771,389.73771,396.9484830297981
9.09061,391.99544,391.99544,397.9578152225579
9.10222,394.26624,394.26624,399.99521501277565
9.11383,401.1579,401.1579,403.0178040661483
9.12544,405.81913,405.81913,406.21907170532876
9.13705,412.91272,412.91272,409.4207441683921
9.14866,417.71053,417.71053,412.0139302169704
9.16027,422.5641,422.5641,413.80551180660916
9.17188,425.01199,425.01199,414.4276393415835
9.18349,422.5641,422.5641,413.77310372926695
9.1951,420.13031,420.13031,412.3478981725765
9.20671,415.3047,415.3047,410.0336803573865
9.21832,408.17001,408.17001,406.64081569240716
9.22993,401.1579,401.1579,402.2339765212748
9.24154,391.99544,391.99544,397.06356679982247
9.25315,383.04225,383.04225,392.3432683416016
9.26476,378.64263,378.64263,389.6528296758221
9.27637,380.83609,380.83609,389.66923150408047
9.28798,383.04225,383.04225,391.66963782117654
9.29959,389.73771,389.73771,395.1281967985623
9.3112,398.8474,398.8474,398.9659222293439
9.32281,405.81913,405.81913,402.0907520487223
9.33442,412.91272,412.91272,404.30921646534813
9.34603,420.13031,420.13031,405.50802868779346
9.35764,420.13031,420.13031,405.2636792830829
9.36925,417.71053,417.71053,404.00384393328426
9.38086,412.91272,412.91272,401.5762625744731
9.39247,405.81913,405.81913,397.1305437408524
9.40408,391.99544,391.99544,389.69305322286584
9.41569,376.46181,376.46181,379.95595195794203
9.4273,361.54374,361.54374,369.73247663576393
9.43891,349.22823,349.22823,361.4257393180337
9.45052,345.217,345.217,357.1871760466726
9.46213,345.217,345.217,357.2758440903586
9.47374,353.28607,353.28607,360.7923739031945
9.48535,361.54374,361.54374,365.09115199100273
9.49696,367.86341,367.86341,367.9439125556902
9.50857,372.13778,372.13778,368.3273001260951
9.52018,372.13778,372.13778,366.3065092888164
9.53179,367.86341,367.86341,363.0169202515859
9.5434,365.74467,365.74467,359.9978819167586
9.55501,361.54374,361.54374,357.43585575310806
9.56662,355.33263,355.33263,355.21315539445123
9.57823,351.25129,351.25129,353.32008495071966
9.58984,347.21683,347.21683,351.3447852911489
9.60145,343.2287,343.2287,349.20523495875017
9.61306,339.28638,339.28638,347.2872947352576
9.62467,339.28638,339.28638,346.30013686113307
9.63628,339.28638,339.28638,346.28215522687907
9.64789,341.25185,341.25185,347.3951464325495
9.6595,345.217,345.217,349.5513373108571
9.67111,349.22823,349.22823,352.4229689184246
9.68272,355.33263,355.33263,355.82821936278
9.69433,361.54374,361.54374,359.2305439897679
9.70594,367.86341,367.86341,362.1167749094491
9.71755,369.99442,369.99442,364.0239854566844
9.72916,374.29355,374.29355,365.31109492148954
9.74077,374.29355,374.29355,365.61593684204007
9.75238,372.13778,372.13778,365.06781554268014
9.76399,369.99442,369.99442,363.761374177889
9.7756,363.63814,363.63814,361.3321555423868
9.78721,359.4614,359.4614,358.0555626637329
9.79882,349.22823,349.22823,353.8452456460728
9.81043,343.2287,343.2287,350.1451140074839
9.82204,339.28638,339.28638,347.69942128824874
9.83365,337.33224,337.33224,346.9165216103601
9.84526,339.28638,339.28638,347.9689127657038
9.85687,343.2287,343.2287,350.48882210167704
9.86848,349.22823,349.22823,354.03776722336937
9.88009,357.39105,357.39105,358.0711868041281
9.8917,363.63814,363.63814,361.838706654915
9.90331,369.99442,369.99442,365.105286502939
9.91492,376.46181,376.46181,367.5258065854893
9.92653,378.64263,378.64263,368.5495844002997
9.93814,378.64263,378.64263,368.34817369869245
9.94975,376.46181,376.46181,367.25203277287955
9.96136,372.13778,372.13778,365.51768446428537
9.97297,367.86341,367.86341,363.1915653167392
9.98458,361.54374,361.54374,359.8073458386034
9.99619,353.28607,353.28607,355.2667610076769
10.0078,343.2287,343.2287,350.23670874933794
10.01941,337.33224,337.33224,346.1582390414108
10.03102,333.45765,333.45765,343.79946989166785
10.04263,333.45765,333.45765,343.59065951379114
10.05424,337.33224,337.33224,345.31104533441385
10.06585,341.25185,341.25185,348.25964356319844
10.07746,347.21683,347.21683,352.132188424411
10.08907,357.39105,357.39105,356.4274249806402
10.10068,363.63814,363.63814,359.88037598919385
10.11229,367.86341,367.86341,362.22016321053303
10.1239,372.13778,372.13778,363.6553169295771
10.13551,374.29355,374.29355,364.15725140911206
10.14712,372.13778,372.13778,363.7655456120914
10.15873,369.99442,369.99442,362.92790528785184
10.17034,365.74467,365.74467,361.4781856900405
10.18195,361.54374,361.54374,359.1675219438115
10.19356,353.28607,353.28607,355.60371436516493
10.20517,345.217,345.217,351.49858644448483
10.21678,339.28638,339.28638,347.89748289737247
10.22839,337.33224,337.33224,345.6893465965825
10.24,335.38935,335.38935,345.2392747750712
10.25161,337.33224,337.33224,347.202207849168
10.26322,343.2287,343.2287,351.49401863995814
10.27483,353.28607,353.28607,357.07586801756736
10.28644,363.63814,363.63814,362.1146399612702
10.29805,367.86341,367.86341,365.30651470048946
10.30966,374.29355,374.29355,367.37432869291627
10.32127,380.83609,380.83609,368.85019491418933
10.33288,383.04225,383.04225,369.9314967236661
10.34449,383.04225,383.04225,370.998581713536
10.3561,378.64263,378.64263,371.78123643837887
10.36771,374.29355,374.29355,371.5977710116369
10.37932,367.86341,367.86341,368.7971879526283
10.39093,361.54374,361.54374,362.3315907220565
10.40254,347.21683,347.21683,352.7611136249315
10.41415,339.28638,339.28638,344.4778452707273
10.42576,337.33224,337.33224,341.62948335839144
10.43737,341.25185,341.25185,346.26743708797227
10.44898,351.25129,351.25129,356.82027266937814
10.46059,363.63814,363.63814,367.8134598709616
10.4722,372.13778,372.13778,372.2938745554091
10.48381,380.83609,380.83609,366.10091552111976
10.49542,385.26119,385.26119,349.79834537093046
10.50703,383.04225,383.04225,330.3696048337715
10.51864,385.26119,385.26119,318.75079264321795
10.53025,376.46181,376.46181,321.17296303690654
10.54186,376.46181,376.46181,335.45401174823166
10.55347,385.26119,385.26119,344.05690334508796
10.56508,372.13778,372.13778,320.11184599049886
10.57669,374.29355,374.29355,247.71706758250588
10.5883,0.0,0.0,128.79911494627578
10.59991,0.0,0.0,56.459389456436924
10.61152,0.0,0.0,32.98259259984485
10.62313,0.0,0.0,40.035350522788235
10.63474,0.0,0.0,53.63738275689029
10.64635,0.0,0.0,57.22852288169409
10.65796,0.0,0.0,46.819315536445785
10.66957,0.0,0.0,28.249378540728657
10.68118,0.0,0.0,10.556028052467342
10.69279,0.0,0.0,0.07130848360637643
10.7044,0.0,0.0,-2.0534556268470716
10.71601,0.0,0.0,1.172965307507921
10.72762,0.0,0.0,5.3894911983505045
10.73923,0.0,0.0,7.450758489692926
10.75084,0.0,0.0,6.536880148525913
10.76245,0.0,0.0,3.7339779174477155
10.77406,0.0,0.0,0.8093606325473779
10.78567,0.0,0.0,-0.9332075423847612
10.79728,0.0,0.0,-1.1715285762597882
10.80889,0.0,0.0,-0.40917902396931405
10.8205,0.0,0.0,0.5466862097872149
10.83211,0.0,0.0,1.086411762102489
10.84372,0.0,0.0,1.0321408762182873
10.85533,0.0,0.0,0.5771225343366059
10.86694,0.0,0.0,0.05990449094751352
10.87855,0.0,0.0,-0.25744072266772744
10.89016,0.0,0.0,-0.29704493039003305
10.90177,0.0,0.0,-0.14343190332155542
10.91338,0.0,0.0,0.0529570857776763
10.92499,0.0,0.0,0.17303580355709397
10.9366,0.0,0.0,0.17786908694379117
10.94821,0.0,0.0,0.10078129072867717
10.95982,0.0,0.0,0.005875625237853194
10.97143,0.0,0.0,-0.054836352235417295
10.98304,0.0,0.0,-0.06367452090472644
10.99465,0.0,0.0,-0.03469772227638177
11.00626,0.0,0.0,0.004011775788335968
11.01787,0.0,0.0,0.029153472361962272
11.02948,0.0,0.0,0.032267693265500955
11.04109,0.0,0.0,0.018939640812886897
11.0527,0.0,0.0,0.0012151416459281533
11.06431,0.0,0.0,-0.010663617750868406
11.07592,0.0,0.0,-0.012816170437226188
11.08753,0.0,0.0,-0.007536451987404262
11.09914,0.0,0.0,-5.9433408625287915e-05
11.11075,0.0,0.0,0.00506105578968678
11.12236,0.0,0.0,0.006008886262936452
11.13397,0.0,0.0,0.003690678211917033
11.14558,0.0,0.0,0.0003568230706807009
11.15719,0.0,0.0,-0.0019868251225481776
11.1688,0.0,0.0,-0.002506846310761805
11.18041,0.0,0.0,-0.0015662422473558786
11.19202,0.0,0.0,-0.00013809228383518575
11.20363,0.0,0.0,0.000889727179983887
11.21524,0.0,0.0,0.0011320623689960057
11.22685,0.0,0.0,0.0007300280491159371
11.23846,0.0,0.0,0.00010188475290681952
11.25007,0.0,0.0,-0.0003612561097828058
11.26168,0.0,0.0,-0.00048316083108797465
11.27329,0.0,0.0,-0.0003185971485860068
11.2849,0.0,0.0,-4.7758305890721674e-05
11.29651,0.0,0.0,0.00015674759085663618
11.30812,0.0,0.0,0.00021414159851891745
11.31973,0.0,0.0,0.000145046993187713
11.33134,0.0,0.0,2.681461009153814e-05
11.34295,0.0,0.0,-6.45856093822766e-05
11.35456,0.0,0.0,-9.23307650377161e-05
11.36617,0.0,0.0,-6.404577078140946e-05
11.37778,0.0,0.0,-1.2948355734137675e-05
11.38939,0.0,0.0,2.7508187306517672e-05
11.401,0.0,0.0,4.0538652192158186e-05
11.41261,0.0,0.0,2.8830836759354575e-05
11.42422,0.0,0.0,6.609158079987743e-06
11.43583,0.0,0.0,-1.141753088460527e-05
11.44744,0.0,0.0,-1.7611760641635986e-05
11.45905,0.0,0.0,-1.2852749764752345e-05
11.47066,0.0,0.0,-3.2165947642458046e-06
11.48227,0.0,0.0,4.82362663366633e-06
11.49388,0.0,0.0,7.766164260702823e-06
11.50549,0.0,0.0,5.818788977738005e-06
11.5171,0.0,0.0,1.5404205983780385e-06
11.52871,0.0,0.0,-2.2124192986718438e-06
11.54032,0.0,0.0,-3.77401968136375e-06
11.55193,0.0,0.0,-3.0627443574545973e-06
11.56354,0.0,0.0,-1.0883285599140747e-06
11.57515,0.0,0.0,8.568473247788704e-07
11.58676,0.0,0.0,1.8248278765815518e-06
11.59837,0.0,0.0,1.465406018528917e-06
11.60998,0,0.0,-1.1337326173263325e-08
